date,August_1851,September_1851,October_1851,November_1851,December_1851,January_1852,February_1852,March_1852,April_1852,May_1852,June_1852,July_1852,August_1852,September_1852,October_1852,November_1852,January_1853,February_1853,March_1853,May_1853,June_1853,July_1853,October_1853,November_1853,December_1853,January_1854,February_1854,March_1854,April_1854,May_1854,July_1854,August_1854,September_1854,October_1854,November_1854,December_1854,January_1855,February_1855,March_1855,April_1855,May_1855,June_1855,July_1855,August_1855,September_1855,October_1855,November_1855,December_1855,January_1856,February_1856,March_1856,April_1856,May_1856,June_1856,July_1856,August_1856,September_1856,October_1856,November_1856,December_1856,January_1857,February_1857,March_1857,April_1857,May_1857,June_1857,July_1857,August_1857,September_1857,October_1857,November_1857,December_1857,January_1858,February_1858,March_1858,April_1858,May_1858,June_1858,July_1858,September_1858,October_1858,November_1858,December_1858,January_1859,February_1859,March_1859,April_1859,May_1859,June_1859,July_1859,August_1859,September_1859,October_1859,November_1859,December_1859,January_1860,February_1860,March_1860,May_1860,June_1860,July_1860,August_1860,October_1860,November_1860
joint_arrests,,,,,,,,,,,,,,,,,1327,,,,,,,,,,,,,,,,,4016 (Oct 1854 - Jun 1855),,,,,,,,,1583,,,,,,,,,,,,,,,,,,,5153,"5153 is Feb 1, 1857 - Jan 1858",,,,,,,,,,,3348,,,,,,,,,,,,,,,,,,,,,,,,,,,,,,
additional_joint_arrests,,,,,,,,,,,,,,,,,,,,,,,,,,,,,,,,,,,,,,,,,,,,,,,,,,,,,,,,,,,,,,2411,,,,,,2742,(2742 is Aug 1857 - Jan 1858),,,,,,,,,,,,,,,,,,,,,,,,,,,,,,,,,,,
joint_fines,,,,,,,,,,,,,,,,,,,,,,,,,,,,,,,,,,$6941.75 (Oct 1854 - June 1854),,,,,,,,,,,,,,,,,,,,,,,,,,,,,,,,,,,,,,,$17796.15,,,,,,,,,,,,,,,,,,,,,,,,,,,,,,,
fines_imposed,,,,,,,,,,$2619.00,$1908.00,$1675.00,$2271.00,,,,,,,,,$2373.00,,,,,,,,,,,,,$2560.00,,,,,,,,"$4,826.50",,,$0.33,,,,,,,,,,,,,,,"$3,080.00",$2237.75,$2470.00,$2286.75,$3127.50,$2842.50,$2827.00,$2481.00,$2365.00,$3320.00,,,,$2253.25,,,$2502.75,$2053.00,$3087.00,,,,,$3514.00,$2653.50,,,,$2264.00,,,,,,,,$2407.00,,,,,,,
fines_forfeitures,,,,,,,,,,,,,,,,,,,,,,,,,,,,,,,"$3,111.18",,,,,,,,,,,,$1574.50,,,,,,,,,,,,,,,,,,$0.41,$0.50,$0.35,$0.52,$0.56,$0.52,$0.41,$0.57,$0.62,$0.65,,,,$0.77,,,$0.55,$0.52,$0.59,,,,,$0.76,$0.66,,,,$0.75,,,,,,,,$0.60,,,,,,,
paid_by_labor_or_jail,,,,,,,,,,,,$0.52,,,,,,,,,,,,,,,,,,,,,,,$0.41,,,,,,,,,,,,,,,,,,,,,,,,,,,,,,,,$1687.00,,,,,,,,,,,,,,,,,,,,,,,,,,,,,,,,,,,,,
fines_paid,,,,,,,,,,,,$864.00,,,$1693.00,,$1000.00,,,,,,,,,,,$1114.50,$1080.00,$928.50,,,,$1185.00,$1060.00,$1337.50,,,,,,,$590.00,$667.50,$317.00,$293.00,$512.00,$272.00,$152.00,$181.00,$406.00,$590.00,$291.00,$48.50,,,,,"$2,214.00",,$1247.50,$1110.25,$870.00,$1190.00,$1746.50,$1466.50,$1145.00,$1406.50,$1461.00,$2149.00,,,,$1735.50,,$1833.50,$1374.45,$1062.60,$1817.25,$1785.85,$2335.45,$2658.00,$2139.10,$2659.00,$1746.00,$1988.60,$2386.10,$1385.00,$1700.00,,,,,,$1824.50,,$1438.00,,$1345.50,,,$1575.00,,$1350.00
population,31977,31977,31977,31977,31977,34084,34084,34084,34084,34084,34084,34084,34084,34084,34084,34084,36330,36330,36330,36330,36330,36330,36330,36330,36330,38725,38725,38725,38725,38725,38725,38725,38725,38725,38725,38725,41277,41277,41277,41277,41277,41277,41277,41277,41277,41277,41277,41277,43997,43997,43997,43997,43997,43997,43997,43997,43997,43997,43997,43997,46896,46896,46896,46896,46896,46896,46896,46896,46896,46896,46896,46896,49987,49987,49987,49987,49987,49987,49987,49987,49987,49987,49987,53281,53281,53281,53281,53281,53281,53281,53281,53281,53281,53281,53281,56792,56792,56792,56792,56792,56792,56792,56792,56792
per_capita_arrests,1451,1586,1007,1135,794,915,1124,1171,827,1200,616,625,1725,801,863,1212,1218,1218,1218,740,908,867,925,1407,1302,1467,824,1015,1061,1015,589,620,757,1289,1190,1743,1088,1204,1311,1025,1635,865,1151,1349,1335,1783,1131,858,814,716,968,961,702,641,625,652,773,884,748,868,680,763,1049,857,913,966,593,902,970,1188,994,943,798,932,1184,982,970,1316,1312,1236,1430,1414,1284,1541,1241,1316,1248,1040,1231,940,974,781,1060,1135,1203,1132,1046,907,780,997,988,460,965,1081
arrests,464,507,322,363,254,312,383,399,282,409,210,213,588,273,294,413,442,442,442,269,330,315,336,511,473,568,319,393,411,393,228,240,293,499,461,675,449,497,541,423,675,357,475,557,551,736,467,354,358,315,426,423,309,282,275,287,340,389,329,382,319,358,492,402,428,453,278,423,455,557,466,442,399,466,592,491,485,658,656,618,715,707,642,821,661,701,665,554,656,501,519,416,565,605,641,643,594,515,443,566,561,261,548,614
cases,,,,,,,,,,,,,,,,,,,,,,,,,,,,,,,,,,,,,,,,,,,,,,,,,,,,,,,,,,,,,,,,,,,,,,165,,,,,,,,,,,,,,,,,,,,,,,,,,,,,,,,,,
discharged,292,368,177,193,140,186,221,242,148,224,103,95,442,165,,268,,707,,135,172,142,149,231,,345,,159,215,203,82,122,,445,254,,313,250,319,,,,,310,,534,334,266,259,245,287,270,174,182,206,204,230,281,195,217,130,161,268,185,189,,92,,153,,,,,146,279,200,193,,,248,,210,,,301,,,242,283,222,228,206,231,218,,,208,199,,223,258,,243,293
cases_convicted,172,139,145,170,114,126,162,157,134,185,107,118,146,108,294,145,442,-265,442,134,158,173,187,280,473,223,319,234,196,190,146,118,293,54,207,675,136,247,222,423,675,357,475,247,551,202,133,88,99,70,139,153,135,100,69,83,110,108,134,165,189,197,224,217,239,453,186,423,302,302,466,442,399,320,313,291,292,658,656,370,715,497,642,821,360,701,665,312,373,279,291,210,334,387,641,643,386,316,443,343,303,261,305,321
fined,155,122,123,143,96,91,120,105,89,109,60,64,71,61,,67,,302,,41,50,58,86,,,86,,89,91,78,,49,,89,,,65,,79,,,,,90,,78,43,20,22,,61,,,22,20,30,41,15,74,74,,,,,,,,,,40,,,,23,33,36,16,,,36,,,,,11,,,15,43,27,21,9,13,24,,,,,,20,11,,11,
fined_or_imprisoned,,,,,,,,,,,,,,,,,,,,,,,,,,,,,,,,,,,,,,,,,,,,,,,,,,,,79,70,,,,,,,,174,155,150,147,193,,170,,210,193,,,,149,138,129,126,,,154,,122,,,51,,103,37,54,28,44,33,158,140,,,116,133,,94,100,,122,144
sentenced_to_city_prison,4,2,10,7,4,12,18,22,33,51,33,37,36,30,,30,,171,,57,64,,54,,,96,,85,59,59,,35,,34,,,71,62,95,,,,,127,,78,40,34,38,33,40,35,27,26,14,29,29,24,34,34,,,,,8,,,,2,6,,,,10,15,21,19,,,16,,,,,126,,131,115,119,95,87,72,25,29,,,,,,10,27,,18,
sentenced_to_county_jail,3,4,6,3,5,7,9,16,8,7,1,6,5,2,,16,,,,,,,20,,,12,,23,3,21,,9,,11,,,,9,27,,,,,,,,,,,8,,,,,19,3,,,3,,,,,,,,,,,,,,,,,,,,,,,,,,,,,,,,,,,2,,,,,,2,,,1,
sent_to_state_prison,,,,,,,,,,,,,,,,,,,,,,,,,,,,,,,,,,5,,,,,,,,,,,,,,,,,,,,,,,,,3,,,,,,,,,,,19,,,,22,18,17,19,,,6,,21,,,12,,,21,3,5,22,4,5,18,,,,,,10,26,,18,
hard_labor,,,,,,,,,,,,,,,,,,,,,,,,,,,,,,,,,,,,,,,,,,,,,,,,,,,,,,,,8,8,6,,,,,,,,,,,,,,,,,,,,,,,,,,,,,,,1,,,,,1,,,,,,,,,,
sent_to_court_of_sessions,,,5,13,4,8,11,12,4,9,6,5,4,6,,14,,,,19,6,,14,,,21,,26,28,27,14,23,,13,,,,20,21,,,,,23,,17,12,26,18,17,28,34,20,16,16,13,14,17,14,18,15,13,14,20,7,,16,,20,15,,,,24,12,2,15,,,15,,17,,,14,,10,8,17,5,8,3,6,13,,,,,,25,19,,4,
sent_to_district_court,,,,1,,3,,,,,,1,,2,,1,,,,,,,,,,,,,,1,,,,,,,,,,,,,,,,,,,,,,,,,,,,,,,,,,,,,,,,,,,,,,,,,,,,,,,,,,,,,,,,,,,,,,,,,,
sent_to_another_county_or_state_for_trial,,,,,1,,2,,,,1,,,,,,,,,,,,,,,5,,2,5,,,,,,,,,,,,,,,,,,31,,12,,,7,10,,,,,,,4,,17,10,17,8,,,,16,1,,,,3,2,3,1,,,,,2,,,1,,,1,,2,,,1,6,,,,,,,,,2,
bound_to_keep_the_peace,7,4,1,3,3,2,,,,1,,3,3,2,,4,,7,,,2,,2,,,,,,5,1,,4,,3,,,,,,,,,,2,,7,7,8,9,,10,8,8,7,,,,,5,6,,,,6,2,,,,,1,,,,1,,,,,,2,,1,,,,,,,,,,,,,,,,,,,,,2,
public_service,,,,,,,,,,,,,,,,,,,,,,,,,,,,,,,,,,,,,,,,,,,,,,,,,,,,,,,,,,,,12,,,,,,,,,5,3,,,,,,,,,,,,,,,,,,,,,,,,,,,,,,4,,,8,
forfeited_bail,,,,,,,,,,,,,,,,,,,,,,,,,,,,,,,,,,,,,,,,,,,,,,,,,,,,,,,,,,,1,,$20.00,2,6,11,15,,,,41,76,,,,,70,63,76,,,118,,177,,,121,,149,103,108,104,90,67,99,115,,,,96,,101,71,,68,
industrial_school,,,,,,,,,,,,,,,,,,,,,,,,,,,,,,,,,,,,,,,,,,,,,,,,,,,,,,,,,,,,,,,,,,,,,,,,,,,,,,,,,,,,,,,,4,9,6,3,6,4,1,,,,,,7,5,,1,
sent_to_hospital,1,1,,,1,3,2,2,,,1,2,7,3,,3,,5,,,8,,,,,,,2,1,2,,,,,,,,,,,,,,,,,,,,,,,,,,,,,,,,,,,2,,,,,2,,,,1,2,,1,,,4,,3,,,,,,,,1,2,2,3,4,,,,,,,1,,2,
lunatic_asylum_in_stockton,,,,,,,,,,,,,,,,,,,,,,,,,,,,,,,,,,1,,,,,,,,,,,,,,,,,,,,3,,,,,,,,,,,,,,,,4,,,,,10,12,,,,5,,,,,2,,10,1,,,2,,,,,,,,,,5,,1,
died_in_rison,,,,,,,,,,,,,,,,,,,,,,,,,,,,,,,,,,,,,,,,,,,,,,,,,,,,,,,,,,,,,,,,1,,,,,,,,,,,,,1,,,,,1,,,,,,,1,,,1,,,,,,,,,,,,
children_delivered_to_parents,,,,,,,,,,,,,,,,,,,,,,,,,,,,,,,,,,,,,,,,,,,,,,,,,,,,,,,,,,,,,,,10,5,,,,,4,,,,,,,,,,,,,,,,,,,,,,,,,,,,,,,,,,,
not_yet_undisposed_of,,,,,,,,,,,,,,,,,,,,,,,,,,,,,,,3,,,,,,,,,,,,,,,,,,,,,,,26,,,18,46,,7,,10,34,7,4,,,,6,6,,,,10,13,8,18,,,14,,27,,,20,,13,7,11,15,10,12,16,18,,,,,,69,34,,46,43
committed_for_trial_miscellaneous,2,6,,,,,,,,,,,,,,,,,,,,,,,,,,,,,,,,,,,,,,,,,,,,,,,,,,,,,,,,,,,,,,1,,,,,2,18,,,,13,,,,,,,,,,,,,,,2,,1,,,,,,,,,2,,,1,
sent_to_sea_or_army,,,,,,,,,,,,,,,,,,,,,2,,,,,,,,,,,,,,,,,,,,,,,,,,,,,1,,,,,,,,,,,,,,,,,,,1,,,,,,,,,,,,,,,,,,,,,,1,1,4,15,,,,,,,3,,,
delivered_to_federal_authorities,,,,,,,,,,,,,,,,,,,,,,,,,,,,,,,,,,,,,,,,,,,,,,,,,,1,,,,,,,,,,,,,,2,,,,,,,,,,,,,,,,,,,,,2,,,,,,,,,,,,,,,,2,,,
continued,,,,,,,,,,8,1,,,2,,8,,,,,5,,,,,5,,7,4,1,,,,,,,,,,,,,,,,,,,,,,,,,,,,,,,,,,,,,,,,,,,,,,,,,,,,,,,,,,,,,,,,,,,,,,,,,,
judgment_suspended,,,,,,,,,,,,,,,,,,2,,,,,,,,,,,,,,,,,,,,,,,,,,,,,,,,,,,,,,,,,,,,,,,,,,,,,,,,,,,,,,,,,,,,,,,,,,,,,,,,,,,,,,
sent_to_grand_jury,,,,,,,,,,,,,,,,1,,,,,,,,,,,,,,,,,,,,,,,,,,,,,,,,,,,,,,,,,,,,,,,,,,,,,,,,,,,,,,,,,,,,,,,,,,,,,,,,,,,,,,,,
grand_jury_statistics,,,,,,,,,,,,,,,,,,,,,,,,,,,,,,,,,,,,,,,,,,,,,,,,,,,,,,,,,,,,,,,,,,,,,,,,,,,,,,,,,,,,,,,,,,,,,,,,,,,,,,,,
bills_found,,,,,,,,,,,,,,,,,,,,,,33,,,,,,,,,,,,,,,,,,,,,,,,,,,,,,,,,,,,,,,,,,,,,,,,,,,,,,,,,,,,,,,,,,,,,,,,,,,,,,,,,,
deported,,,,,,,,,,,,,,,,,,,,,,,,,,,,,,,,1,,,,,,,,,,,,,,,,,,,,,,,,,,,,,,,,,,,,,,,,,,,,,,,,,,,,,,,,,,,,,,,,,,,,,,,,
drunk_and_disorderly,71,81,93,112,88,62,74,75,72,89,63,59,73,62,52,73,,363,,74,71,86,86,110,35,142,,126,131,107,,18,25,38,51,91,83,72,48,37,154,2,54,661,,212,133,82,81,19,88,86,77,57,73,79,109,31,114,106,,27,19,107,21,,,,19,16,,,,188,190,173,188,404,,249,,284,,,,,,,,,,,,,,,,,,,,,,
drunk,,,,,,,,,,,,,,,,,,,,2,4,,,82,41,,,,,,,24,22,80,58,67,,52,67,100,,7,90,,,,,,,67,,,,,,,,88,1,,$106.50,68,95,,85,70,51,,128,215,,,,,,,,,,,,,,,230,,260,203,216,201,175,141,210,5,,189,,169,135,187,152,164,,167
discharging_firearms,,,,,,,,,,,,,,,,,,,,,,,,3,1,,,,,,,,,,,,,,,,,1,,,,,,,,,,,,,,,,1,,,,,,,,,,,,,,,,,,,,,,,,,,,,,,,,,,,,205,,,,,,,,,,
breach_of_the_peace,34,56,53,24,22,41,35,41,36,29,14,15,14,34,22,35,,143,,,,,,,2,48,,52,26,21,76,,1,,,,,,,,21,2,31,23,28,12,,48,9,,12,26,10,7,26,32,13,,,16,,65,5,16,6,,,,13,17,,,,5,,,,,,,,,,,,,,,,,,,,,,,,,,,,,,
disorderly_riotous_conduct_riot,,,,,,,,4,4,,,,1,,,,,,,32,27,7,28,1,36,,,,,19,,39,42,75,67,142,82,141,125,67,97,60,49,79,,98,61,1,26,16,13,,,13,1,,16,27,7,31,422.5,12,43,18,22,,7,,42,45,,,,13,15,7,10,,,,,,,,1,,,,,1,1,1,7,2,,3,,,3,2,21,,,
mutinous_conduct,,,,,,,,,,,,,8,,,1,,2,,,,12,,,,,,,,,,,,,,,,,,,,,,,,,,3,,,,,, ,,,,1,,,,,2,,,,,,,,,,,,,,,,,,,,,,,,,,,,,,,,,,,,,,,,,
violating_city_ordinances,290,306,72,126,75,127,169,158,71,140,44,18,363,72,20,136,,320,,,74,11,46,6,11,38,,12,79,14,75,11,5,7,54,136,,32,90,38,74,8,9,26,,27,,11,,1,16,29,20,,,7,1,,,3,,6,2,24,62,,,,3,27,,,,22,,15,5,,,4,,8,,,9,,,8,38,8,4,6,2,9,,17,,,5,9,,,,
violating_street_ordinances,,,,,,,,,,,,,,,,,,,,,,,,25,5,,,,,,,,,,,,,,,,,,,,,,,,5,,,,,,,,,,,,,,,,,,,,,,,,,,,,,,,,,,,,,,,,,,,,,,,,,,,,2,,,
violating_license_ordinances,,,,,,,,,,,,,,,96,,,,,,,,,1,4,,,,,,,,,,,,,,,,,,,,,,,,,,,,,,,,,,,,,,,,,,,,,,,,,,,,,,,,,,,,,,,,,,,,,,,,,,,,,,,
nuisance,4,,1,1,,,3,4,1,8,,1,6,3,4,,,4,,,,2,,,19,,,,25,,,,,,,,,,,,,3,4,,,,,,,,,,,1,,,,,1,,,,,,,,,,,,,,,,,,,,,,,,,,,,,,,,,,,,,,,,,,2,,,
suspicion,6,4,4,4,,6,1,4,,14,,,,,,,,,,,,,,,,,,,,,,,,,,,,,,,,,,,,,,,,,,,,,,,,,,,,,,,,,,,,,,,,,,,,,,,,,,,,,,,,,,,,,,,,,,,,,,
grand_larceny,,,,,,,,,,,,,,,16,,,,,23,11,24,29,29,30,26,20,42,22,26,15,27,32,25,22,28,9,21,23,15,44,10,18,27,,19,13,20,20,19,42,28,10,12,23,13,16,18,10,11,,15,24,10,13,,,,17,19,,,,28,10,2,11,10,,8,,7,,,12,,18,15,13,11,15,5,12,6,,10,,35,16,9,12,,,
petit_larceny,,,,,,,,,,,,,,,11,,,,,35,22,18,25,28,50,31,,32,22,51,18,15,24,53,32,43,,21,47,25,33,35,29,21,27,42,25,30,28,22,50,28,10,23,18,16,23,15,31,27,,20,37,17,42,12,,,21,25,,,,22,42,32,22,55,,22,,32,,,38,,27,21,38,28,27,16,23,28,,39,,7,25,30,20,,,33
larceny_and_forgery,,,,,,,,2,,,,,,,,,,,,,,,,,,,,,,,,,,,,,,,,,,,,,,,,,,,,,,,,,,,,,,,,,,,,,,,,,,,,,,,,,,7,,,,,,,,,,,,,,,,,,,,,,
grand_and_petit_larceny,21,23,24,18,25,28,36,36,27,34,18,40,33,23,,52,,185,,,,,,,,,,,,,,,,,,,,,,,,,,,,,,,,,,,,,,,,,,,,,,,,,15,,,,,,,,,,,,,,,,,,,,,,,,,,,,,,,,,,,,,
threats_injury_to_property,,,,,,,,,,,,,,,,,,,,,,,,2,,,,,,,,,,,,,,,4,,,62,,,,,,,,,,,,,,,,,,,,,,,,,,,,,,,,2,,,,,,,,,,,,,,2,,,1,2,,,,1,,,,,,,,
embezzlement,,1,,,,1,,2,1,,,,1,,,1,,4,,,,,,,3,,3,,4,2,,2,2,,,1,,,,,2,,,,,,,2,1,,1,2,,1,,,,,,1,,,1,,,,,,,,,,,1,,1,,,,,,,,,,,,,,,,,,,,,,,,2,1,,,
obtaining_money_under_false_pretenses,,1,1,,,,,1,,,,,1,,,6,,,,,2,,,1,1,,1,2,5,2,,,4,1,3,1,,5,,,,2,,1,,3,2,1,4,,4,3,,2,,,,,3,2,,,,,,,,,2,3,,,,3,1,2,5,,,1,,1,,,2,,,,1,1,,1,3,1,,,,,3,2,1,,,
obtaining_goods_under_false_pretenses,,,,,,,1,,,,,,,1,,,,,,,,2,,,,,,,,,,,,,,,,,,,,,,,,,,,,,,,,,,,,,1,,,,,,,,,,,,,,,,,,,,,,,,,,,,,,,,,,,,,,,,,,,,,
extorting_money,,,,,,,,,,,,,,,,,,,,,,,,,,,,,,,,,,,,,,11,,,,,,,,,,,,,,,,,,,,,,,,,,,,,,,,,,,,,,,,,,,,,,,,,,,,,,,,,,,,,,,,,,
robbery,4,1,,5,1,,,3,,2,,,,1,1,1,,11,,7,,,2,,1,,4,1,9,,,,,2,,3,,,1,,1,1,11,,,4,3,2,1,3,3,4,4,,2,1,6,5,,,,,3,,1,,,,14,,,,,,5,1,1,,,3,,2,,,1,,,,1,,3,,4,1,,2,,,,,,,,
burglary,,,,,,,4,7,,,2,,2,,1,1,,3,,,,,1,2,1,,2,2,,3,4,1,1,,2,11,,,2,,,3,,,,1,3,3,2,13,1,9,4,3,1,1,1,2,4,4,,3,3,,1,,,,4,4,,,,4,4,1,3,,,4,,1,,,1,,1,1,4,1,,,2,3,,4,,,,1,3,,,
burglary_and_robbery,,,,,,,,,,,,,,3,,,,,,,,,,,,,,,,,,,,,,,,,,,,,,,,,,,,,,,,,,,,,,,,,,,,,,,,,,,,,,,,,,,,,,,,,,,,,,,,,,,,,,,,,,
swindling_cheating,3,3,1,4,1,2,,,1,1,2,3,,,,2,,9,,,,,,2,1,,1,,,,2,1,,5,,,,,,,2,,,,,,1,,2,,,,,4,4,5,,2,1,,,1,,,,,,,,2,,,,1,,,5,,,,,2,,,2,,1,1,2,,,1,,,,,,,,,1,,,
highway_robbery,,,,,,,,,,,,,,,,,,,,,,,,2,7,,,,,,,,3,,2,,2,1,,,,,,,,,,,,1,,,,,,6,,,,,,,3,,,,,,,,,,,,,,,,,,,,,,,,,,,,,,,,,,,,,,,,,
picking_pockets,,,,,,2,,1,,,,,,,,,,1,,,,,,,,,,,,,,,,1,,,,,,,,,,,,,,,,,,,,,,,,,,,,,,,,,,,,,,,,,,,,,,,,,,,,,,,,,,,,,,,,,,,,,,
attempt_to_rob,,,1,,,,,,,,,,,,,,,,,,,,,,,,,,,,,,,1,,,,,,,,,,,,,,,,,,,,,,,,,,,,,,,,,,,,,,,,,,,,,,,,,,,,,,,,,,,,,,,,,,,,,,
fraud,,,1,,,3,,,,,,,,,,,,,,,,,,,,,,,,,,,,,,,,,,,,4,,,,,,,,,,,,,,,,,,,,,,,1,,,,,,,,,,,,,,,,,,,,,,,,,1,,,,,,,,,,,,,,
receiving_stolen_goods,,,,,,,3,1,,,,,,,,,,7,,,,1,1,,5,,,,,2,,,,,,3,,,1,2,,2,1,,,2,,,,3,3,,,,,,,2,,,,,1,,,,,,,1,,,,3,,,1,,,,,,,,,,,,,,,,,1,,2,,,,,,,,
forgery_and_counterfeiting,,,,,,,,,,5,,,,,,,,,,,,,,,,,,,,,,,,,,,,,,,,,,3,,,,,,,,,,,,,,,,,,,,,,,,,,,,,,,,,,,,1,,,,,,,,,,,,,,,,1,,,,,,,,
selling_and_conveying_away_property_to_hinder_and_delay_creditors,,,,,,,,,,,,,,,,,,,,,,,,,,,,,,,,,,,,,,,,,,,,,,,,,,,,,,,,,,,,,,,,,,,,,2,,,,,,,,1,,,,,,,,2,,,,2,,1,,,,,3,,,,,,,,
counterfeiting,,,,,,,1,1,,,,2,,,,,,,,,,,,,,,,,,,,,,,,,,,,,,,,,,,,,,,,,,,,,,,,,,,,,,,,,,,,,,,,,,,,,,,,,,,,,,,1,,,,,,,,,,,,,
murder_and_robbery,,,,,,,,,,,,,,1,,,,,,,,,,,,,,,,,,,,,,,,,,,,,,,,,,,,,,,,,,,,,,,,,,,,,,,,,,,,,,,,,,,,,,,,,,,,,,,,,,,,,,,,,,
assault_with_intent_to_rob,,,,,,,,,,,,,,,,,,,,,,,,,,,,,,,,,1,,,,,4,,,,,,,,,,,,,,,,,,,2,,,,,,,,,,,,,2,,,,,,,,,,,,2,,,,,,,,,,,,,,,,,,,,,,
assault_and_battery,16,21,45,32,22,,28,24,35,42,34,27,38,36,25,46,,122,,40,57,32,68,64,65,58,66,88,41,71,18,51,50,100,55,47,41,62,50,55,99,49,89,97,80,84,82,71,57,38,53,72,66,49,52,48,70,58,47,54,653.5,53,62,66,77,41,18,,77,66,,,,51,63,70,59,176,,72,,,,,67,,78,64,87,75,60,80,64,72,,80,,58,70,79,93,97,,119
assaulting_officers,8,1,,,,2,,2,2,6,,,,5,,1,,1,,,,,,,,,,,,,,,,,,,,,,,,,,,,,,,,1,,,,,,,,,,,,,,,,,,,3,,,,,,,,,,,,,,,,,,,,,,,,,,,,,,1,,,,,
threats,2,3,,5,3,,,1,4,4,4,8,9,5,,7,,24,,4,5,,,,12,,13,4,9,13,1,10,,,,16,,,,,,,,15,,,,,15,2,13,,,13,10,8,,3,9,,,,,,3,,,,3,9,,,,6,1,4,5,,,,,,,,9,,,1,3,5,10,3,5,2,,,,,4,4,9,,,
fighting_affray,,,,,,,,,,,,,,,,,,,,,,23,,35,,,,,,,,12,17,20,38,,,,,,7,12,,,,,,,,6,,,,,,,,14,14,,,,,,,,,,4,2,,,,,,,,,,,,,,,,,,,,,,,,10,,,,,,,,,,
threats_against_life,0,0,2,0,0,0,0,0,0,0,0,0,0,0,5,0,0,0,0,0,0,4,6,10,0,0,0,0,0,0,0,0,6,11,10,0,0,11,4,14,27,7,16,0,0,18,21,10,0,8,0,16,6,0,0,0,6,0,0,6,0,0,7,0,2,0,0,0,0,0,0,0,0,0,0,0,0,0,0,8,0,0,0,0,0,0,0,0,0,0,0,0,0,0,0,5,0,0,0,0,0,0,0,0
murder,,,,1,,6,1,1,5,,1,1,,1,1,1,,5,,,,1,1,2,3,,2,6,1,6,,2,6,4,,1,5,2,2,2,4,3,1,3,,3,7,4,4,,1,7,2,,,1,,2,,1,,,1,,1,,,,1,1,,,,,,1,,,,2,,1,,,6,,,,1,1,1,,,2,,,,1,,,,,,
suspicion_of_murder_attempt_to_commit_murder,,,,,,,,,,,,,,,,3,,4,,,,,1,,,,,,,,,,,,,,,,,,,,,,,,,,,,,,,,,,,2,2,,,,,,,,,,1,,,,,,,,,,,,,,,,,,,,,,,,,,,,,,,,,,,
infanticide_abortion,,,,,,,,,,,,1,,,,,,,,,,,,,,,,,,,,,,,,,,,,,,,,,,,,,,,,,,,,,,,,,,,,,,,,,,,,,,,,,,,,,,,,,2,,,,,,,,,,,,,,,,,,,
manslaughter_homicide,,,,,,1,,,,,,,,,,1,,,,,,,,,,,,,,,,,,,,,,,,,,,,,,,,,,,,,,,,,,,,,,,,,1,,,,,1,,,,,,,,,,,,,,,,,1,,,,,,,,,,,,1,,,,,
arson,,,,,,1,2,,,,,,,,,2,,3,,,,,,2,1,,1,,,1,,,,2,,,,,1,,,,3,1,,,,,1,,,3,,,,,1,,,,,,,,1,,,,,,,,,2,,,2,,,,,,,,,,,,1,,,,,,,1,,,,,,,,
suspicion_of_arson,,,,,,,,,,,,,,,,,,,,,,,,,,,,,,,,,,,,,,,,,,,,,,,,,,,,,,,,,,,,,,,,,,,,,,,,,,,,,,,,,,,,,,,,,,,,,,,,,,,,,,,,
attempt_to_shoot_exhibiting_deadly_weapon,,,2,,,,,,,,,,,,,,,,,,,,,,,,,,,,,,,,,,,,,,,,,,,,,,,3,1,2,,1,,,,,2,4,,2,1,,2,,,,3,1,,,,1,1,,,,,,,1,,,,,,2,2,,,,,,,,,,,,1,,,
assault,,,4,,4,4,3,4,,5,4,1,1,,,1,,3,,,,,,4,6,,,,,,3,,2,,,,,,,,,,,,,,,,,,,,,,,,,,,,,2,,,,,,,2,5,,,,1,7,9,6,,,6,,67,,,8,,,4,6,6,9,6,,2,,,,,3,4,8,,,
cruelty_to_animals,,,,,,1,,,,,,,,1,,,,,,,,,,,,,,,,,,,,,,,,,,,,,,,,,,,,,,,,,,,,,,,,,,,,,,,,,,,,,,,1,,,,,,,,,,,,1,,,,1,,,,,,,,1,,,
attempt_to_commit_suicide,,,,,,,,,,,,,,,,,,,,,,,,,,,,,,,,,,,,,,,,,,,,,,,,,,,,,,,,,,,,,,,,,,,,,,,,,,,,,,,,,,,,,,,,,,,,,,2,,,,,,,,,,
attempt_to_kill_assault_with_intent_to_kill,,1,1,,,,,1,,,2,,,,,,,2,,,2,,,1,1,,,13,,1,2,,,,,,,,,,3,3,,1,,,,,,,,,,,,,,,1,,,2,,,,,,,1,,,,,,3,,1,,,,,2,,,,,,,,2,4,,5,,,,,,,,2,,,
assault_with_a_knife_deadly_weapons,,2,1,10,1,,1,2,2,2,3,11,1,3,5,6,,22,,15,5,11,5,9,18,23,4,,6,15,,5,8,8,14,9,2,,14,8,2,7,10,48,,18,14,18,16,5,17,11,8,5,8,4,11,9,7,6,,8,8,,6,,,,2,6,,,,6,4,,5,,,5,,3,,,8,,,3,5,5,1,3,2,9,,5,,12,2,4,4,,,
stabbing,,1,,2,,,1,2,1,,,1,,1,,2,,,,1,,1,,,,,,,,,,,,,,,,,,,,,,,,,,,,,,,,,,,,,,,,,,,,,,,,,,,,,,,,,,,,,,,,,,,,,,,,,,,,,,,,,,
shooting,,,,1,1,,,,,,,2,,,,,,,,,,,,,,,,,,,,,,,,,,,,,,,,,,,,,,,,,,,,,,,,,,,,,,,,,,,,,,,,,,,,,,,,,,,,,,,,,,,,,,,,,,,,
housebreaking,1,,,3,,,,,,,,,,,,,,,,,,,,,,,,,,,,,,,,,,,,,,,,,,,,,,,,,,,,,,,,,,,,,,,,,,,,,,,,,,,,,,,,,,,,,,,,,,,,,,,,,,,,
insulting_females,1,,,,,,,,,,,,,,,,,,,,,,,,,,,,,,,,,,,,,,,,,,,,,,,,,,,,,,,,,,,,,,,,,,,,,,,,,,,,,,,,,,,,,,,,,,,,,,,,,,,,,,,
passing_as_an_officer,1,,1,1,1,,,,,,,,1,,,,,,,,,,,,,,,,,,,,,,,,,,,,,,,,,,,,,1,,,,,,,,,,,,,,,,,,,,,,,,,,,,,,,,,,,,,,,,,,,,,,,,,,,,,,
insane,1,1,,,1,1,2,2,2,2,1,2,8,,2,3,,3,,7,,10,1,15,,,,2,3,12,,5,8,6,5,7,,8,4,6,9,,3,23,,13,12,10,20,8,13,9,8,12,6,6,7,3,1,3,,8,13,,8,,,,5,14,,,,,13,18,7,,,14,,18,,,7,,16,11,17,8,4,5,8,10,,12,,,10,4,7,,,
delirium_tremens,,,,,,,3,,,,,,,,,,,,,,,,,1,,,,,,,,,1,,,,,,,,,,,,,,,,,2,,,,,,,,,1,,,,,,,,,,,,,,,,,,,,,,,1,,,,,,,,,,,,,,,,,,,,,,
vagrancy,1,,,,,,1,4,,,1,,1,2,5,9,,17,,3,3,9,4,10,,,,4,6,5,3,3,1,9,3,10,,10,19,9,28,30,25,25,18,20,12,2,7,12,3,10,6,6,1,9,1,9,3,4,,10,27,,4,,,,3,2,,,,2,10,3,12,,,10,,5,,,5,,,12,3,3,2,2,,9,,8,,,1,5,12,,,11
lodgers,,,,,,,,,,,,,,,,,,,,,,17,,24,16,,,,,,,,9,26,32,15,,8,21,15,,,18,,,,,,,24,,,,,,,,26,17,,,,,,,,,,12,,,,,39,138,79,59,16,16,89,,,,,150,,,107,106,61,83,82,114,108,,90,,82,55,76,90,,,125
destitute_persons,,,,,,,,,,,,,,,,,,,,,,,,,,,,,,,,,,,,,,,,,,,,,,9,22,18,31,,43,41,25,28,26,27,29,,,57,,17,20,,12,,,,,,,,,,,,,,,,,56,,,,,,,,,,,,,,,,,,,,,,
perjury,,1,,,,1,,,,,,,,,1,2,,1,,1,1,,1,,1,,2,3,,,,,,,,,,1,,,2,1,1,,,2,1,1,2,2,1,,,4,1,1,1,2,1,2,,,,,1,,,,4,,,,,,,1,,,,1,,1,,,,,,1,4,,1,1,,1,,9,,,1,1,,,,
forgery,,,,,,,1,,,,,,,,,1,,1,,,1,,,,,,1,,,,2,,2,1,,,2,4,3,,,2,,,,2,1,,,,,,,,,,1,,1,,,1,,,,,,,,,,,,,,,,,,3,,2,,,,,,,,,1,,,,,,,,,,,,,
bribery,,,,,,,,,,,,,,,,,,,,,,,,,,,,,,,,,,,,1,,,,,,,,,,1,,,,,1,,,,,,,,,,,,,,,,,,1,,,,,,,,,,,,,,,,,,,,,,,,,,,,,,,,,,,
conspiracy,,,,,,,,,,,,,,,,,,,,,,,,,,151,,,,,,,,,,,,,,,,,,,,2,,,3,,,,,,4,,,3,3,,,,,,,,,,3,,,,,,,,,,,,,2,,,3,,,1,2,,,,,,,,,,,,,,,
gambling,,,,,,,,,,,,,,,,,,,,,,,,,,,,,,,,,,,,,,,,,12,2,,,,,,,,,4,,,,1,4,5,,,,,3,4,7,1,,,,,,,,,4,11,,,,,,,10,,,6,,,,,,,,3,10,,2,,,,,2,,,
witnesses_safekeeping,,,,,,,,,,,,,,,,,,,,,,,,10,3,,,,,,,,,,,,,,,,,,,,,9,,,3,9,3,,,4,,,,25,12,3,,18,27,,20,,,,12,18,,,,1,1,,,,,,,6,,,,,,,,,4,,,3,,1,,,4,3,,,,
lost_children,,,,,,,,,,,,,,,,,,,,,,,,,,,,,,,,,,,,,,,,,,,,,,,,,,,,,,,,,,,,,,,10,,,,,,,,,,,,,,,,,,,,,,,,,,,,,,,,,,,,,,,,,
resisting_officer,,,11,10,8,2,5,4,5,11,,,9,6,2,3,,4,,,,,,,,,,,,,,,,,,,,,,,,,,,,,,,,,,,,,,,,1,,2,,,6,,1,,,,4,3,,,,,,,1,,,,,,,,,,,,,,1,,,,,,,,,15,,,,
abduction_kidnapping,,,1,,,,,,,,,,,,,,,,,,,,,,,,,1,,,,,,,,,,,,,,,,,,1,,,,,,,,,,2,2,,,,,,,,,,,,,,,,,3,1,,,,,,,1,,,,,,,,,,1,,,,,,,,,,,,
rescuing_prisoners,,,,,,2,1,1,,2,,,1,,,,,,,,,,,,,,,,,,,,,,,,,,,,,,,,,,,,,,,,,,,,,1,,,,,,,,,,,,,,,,,,,,,,,,,,,,,,5,,,,,,5,,,,,,,,,,
escaped_convict,,,,1,,,,,,,,,,,,1,,1,,,,,,1,,,,,,,,,2,8,2,2,,1,,,13,,,,,3,,1,1,,,1,,,,2,1,1,1,2,,3,4,,1,,,,,3,,,,,,,2,,,2,,,,,1,,,3,1,1,3,2,2,1,,12,,,,,5,,,
escaped_from_house_of_refuge_industrial_school,,,,,,,,,,,,,,,,,,,,,,,,,,,,,,,,,,,,,,,,,0,,,,,,,,,,,,,,,,,,,,,,,,,,,,,,,,,,,,,,,,,,,,,,,,,,,,3,,,,,,9,,,,,
misdemeanor,,,,,,2,3,4,2,2,3,2,9,8,7,4,,50,,16,24,18,24,9,10,12,7,23,18,13,,6,14,10,6,8,,5,12,13,9,22,19,14,,7,17,10,2,4,16,10,4,13,10,5,8,4,23,18,,,15,,13,,,,12,24,,,,12,47,44,33,,,80,,140,,,57,,78,63,65,55,64,37,69,60,,99,,,57,95,50,,,
false_imprisonment,,,,,,2,,,,,,,,,,,,,,3,,,,,,,,1,,,,,,,5,,,,,,,,,1,,,,,,,1,2,,,,,1,,,,,,,,,,,,,,,,,,,,,,,,,,,,,,,,,,,,,,,1,,,,,2,,,
removing_boundary_marks,,,,,,,,,,,,,,,,,,,,,,,,,,,,,,,,,,,,,,,,,,,,,,,,,,,,,,,,,,,,,,,7,,,,,,,,,,,,,,,,,,,,,,,,,,,,,,,,,,,,,,,,,
malicious_mischief,,,,,,1,1,1,,2,1,1,,,2,2,,2,,3,8,17,3,6,5,,4,,3,10,6,2,,,,7,,,2,2,6,10,2,22,,24,9,3,10,12,8,12,6,14,4,10,4,10,10,1,,9,7,,7,,6,,14,5,,,,10,9,1,9,,,7,,13,,,7,,,10,6,10,17,8,4,1,,9,,,6,12,11,,,14
illegal_voting,,,,,,,,,,,,,,,,,,,,,,,,,,,,,,,,,,,,,,,,,9,3,,,,,,,,,,,,,,,,,,,,,,,,,,,2,,,,,,,,,,,2,,,,,,,,,,,,3,,,,,,,,,,,,
keeping_disorderly_houses,,,,2,,,,,,,,,,,,4,,,,,,3,,1,2,,,,,,,,,,,,,,,,,,,,,2,,,,,,,,,,,,,,,,,,,,,,,,,,,,,,,,,,,,,,,,,,,,,1,,,,,1,,,,,,,,
stealing_a_record,,,,,,,,,,,,,,,,,,,,,,,,,,,,,,,,,,,,,,,,,,,,,,,,,,,,,,,,,,,,,,,,,,,,,,,,,,,,,,,,,,,,,4,,,,,,,,,,,,,,,,,,,
furious_driving,,,,,,,,,,,,,,,,,,,,,,,,,,,,,,,,,,,,,,,,,,,16,,,,,,2,,,,,,,,,,,2,,,,,,,,,,,,,,,,,,,,,,,,,,,,,,,,,,,,,,,,,,,,
miscellaneous,,,,,,,,,,,,,,,1,2,,3,,,,1,,6,4,,,,,,1,5,2,4,,4,,5,1,,4,4,,,,7,4,,,2,3,,19,3,,,,3,1,14,,3,3,,13,,,,4,1,,,,1,1,2,,,,9,,2,,,6,,,,5,8,5,2,6,3,,14,,3,11,10,6,,,
contempt_of_court,,,,1,1,,1,2,1,,1,2,2,1,1,,,3,,3,3,3,2,2,2,,,3,,,,,,1,,,,,,,,,1,,,1,5,1,,,1,,,2,,,2,,,1,,,,,,,,,,,,,,,,,2,,,,,,,,,,,,,,,,,,,,,,,,,,,
state_prisoners,,,,,,,,,,,,,,,,,,,,,,,,,,,,,,,,,,,,15,,,,,,,,,,22,2,,3,10,,,,,,,,14,,,,,,,,,,,9,19,,,,22,18,17,17,,,4,,22,,,11,,,14,3,5,19,2,5,17,,12,,,19,9,24,,,
felony,,,,,,,,,,,,,,,,,,,,,,,,,,,,,,,,,,,,,,,,,,,,,,,,,,,,,,,,,,,,,,,,,,,,,,,,,,,4,,,,,,,1,,,,,,,,,,,,,,,,,,,,,,
desertion,,,1,,,,,4,9,7,9,16,6,3,4,4,,2,,,2,2,,5,10,,,1,,,,,2,,,7,,2,,3,,,,,,12,2,2,3,1,8,11,6,,1,,3,5,,3,,,32,,,,,,1,,,,,,3,,7,,,9,,,,,4,,,2,2,4,1,4,5,17,,,,,1,1,9,,,
sodomy,,,1,,,,,,,,,,,,,,,,,,,,,,,,,,,,,,,,,,,,,,,,,,,,,,,,,,,,,,,,,,,,,,,,,,,,,,,,,,,,,1,,2,,,,,,,,,,,,,,,,,,,,,,
bigamy,,,,,,,1,,,,,,,,,,,1,,,,,,,,,,,1,,,,1,,,,,2,,,,,,,,1,,,,,,1,,,,,,,,,,,,,,,,,,,,,,,,,,,,,,,,,,,,,,,,,,,,2,,,,1,,,,
indecency,,,,,,,1,,,,,,,,,,,,,,,,,,,,,,,,,,,,,,,,,,,,,,,2,,,,1,,,,,,,,,,,,,,,,,,,,,,,,,,,,,,,,,,,,,,,,1,,,,,,,,,,,,,,
prostitution,,,,,,,,,,,,,,,,,,,,,,,,,,,,,,,,,,,,,,,,,,,,11,,3,,,,,1,,,,,,,,,,,,,,,,,,,,,,,,,,5,,,2,,4,,,2,,,,1,4,,,1,,,2,,,1,1,,,,
rape_assault_with_intent_to_commit_rape,,,1,,,,,,1,,,,,,,,,1,,,,,,,,,,,,,2,1,,1,,,,,,,,,,,,2,,,,,,,,2,1,,,2,,,,,,,,,,,,,,,,6,,,,,,,,1,,,,,,,,,,1,,,,1,,,,,,,,
notes,,"Decreased Crime based on August and September, stated on October 8",,,,,,,Women too poor to pay license fees,,"July 1, 1852, SF Herald, “Statistics of Crime,” lots of comparisons, says that there is not that much crime, that it is definitely decreasing since May. And that “the gold fields of Australia have been a godsend to us.”","“Statistics of Crime,” Herald Aug 13, 1852. Many comparisons, fines, commentary. Says that crime is so much better than in 1851.",,,Decreased crime,Rain,,"Crime increasing, one man in 20 are either scamps or drunkards. These are joint statistics for January, Feb, and March",,In addition there were “numerous cases of violation of city ordinances”,"Perception that crime is diminishing, especially violent crime such as murder, and crimes such as burglary and robbery. Suspects criminals have either left or are “lying dormant.” See commentary with statistics.","“The number of cases…have been so few—so few as to excite surprise, yet gratification, that in a population (permanent and transient) of 50,000 souls, not more than 33 bills have been found, and those mostly of larceny.”",,,,,,,,,,,,,,,"Very important commentary in the Herald! Says crime is going up, especially of serious offenses. Compares to December. Quote/cite this.","Commentary states that these crimes, though more than in January, are not as bad. [This point is debatable.]",,“crime decreasing”,,,,,,,,,,,,,,,,,,,,,,Total,,,,,“low crime”,,,“Total amount paid exceeds that of any previous month since the organization of the Police Department of the city.”,,,,,,,,,,,,,,,,,,,,,,,,,,,,,,,,,,
citations,"“Statistics of Crime” Daily Alta, 8 October 1851.","“Statistics of Crime” Daily Alta, 8 October 1851.","“Law Courts” Daily Alta, 16 November 1851","“Law Courts” Daily Alta, 9 December 1851","“Law Courts,” Daily Alta, 3 January, 1852","“Recorder’s Monthly Report,” Daily Alta, 18 February, 1852","“City Intelligence,” Daily Alta, 12 March 1852","“Local Matters,” Daily Alta, 14 April 1852.","“Local Matters,” Daily Alta, 7 May 1852","“Local Matters,” Daily Alta, 6 June 1852","“Local Matters,” Daily Alta, 4 July 1852. July 1, 1852, SF Herald, “Statistics of Crime.”","“Local Matters,” Daily Alta, 18 August 1852. “Report of the Treasurer of San Francisco,” SF Herald, Aug 5, 1852. “Statistics of Crime,” Herald Aug 13, 1852.","“Statistics of Crime,” Daily Alta 5 September 1852. “Statistics of Crime,” Herald, Sept 3, 1852","“Recorder’s Court,” Daily Alta 9 October 1852","“Criminal Statistics,” Daily Alta, 16 November 1852. “City Finances,” Herald, Nov 1, 1852","“Local Matters,” Daily Alta, 2 December 1852",,"“Local Matters,” Daily Alta, 2 April, 1853",,"“Statistics of Crime,” SF Herald, June 1, 1853","“Statistics of Crime,” SF Herald, July 3, 1853","“Investigations by the Grand Jury,” Daily Alta 31 July 1853. “Statistics of Crime,” SF Herald, August 3, 1853","“Criminal Statistics,” SF Herald, Nov 2, 1853","“Police Statistics,” Daily Alta, 1 December 1853. “Statistics of Crime in San Francisco,” Herald, Dec 1 1854.","“Bengal and Bombay,” - “Arrests During December,” DA 4 Jan 1854","“Recorder’s Court,” DA 2 Feb 1854",,"“Crime During March,” Daily Alta 1 April 1854","“Recorder’s Court,” DA 4 May 1854","“Coal on the Pacific,” DA 3 June 1854",,"“Crime in San Francisco,” Herald Sept 2, 1854.","“Later from Oregon - Number of Arrests,” DA 7 October 1854","“Report of the City Treasurer,” DA 7 Nov 1854. “Statistics of Crime,” Herald, Nov 2, 1854.","“Common Council,” DA 6 Dec 1854. “Fines in the Recorder’s Court,” Herald, Dec 1, 1854. “Statistics of Crime in San Francisco,” Herald, Dec 1 1854.","“Common Council,” DA 6 January 1855. “Board of Assistant Aldermen,” Herald Jan 6, 1855. “Arrests Made by the Police for the Month of December,” Herald Dec 31, 1854.","“Overland Route from Missouri to California - Police Statistics,” DA 2 February 1855. “Criminal Statistics,” Herald Jan 31, 1855.","“Criminal Statistics,” Herald March 1, 1855.","“Arrests made by the Police during the month of March,” DA 2 April 1855","""Criminal Statistics,” Herald April 30, 1855.",(Totals from previous two columns/citations),"“Statistics of Crime,” DA 30 June 1855","“Common Council,” 11 Sept 55. “Criminal Statistics for July 1855,” Herald, August 1, 1855.","“Eclipse of the Moon - Police Statistics,” DA 18 October 1855. “Special Message of the Mayor in Regard to the Police Ordinance,” James Van Ness DA 18 Oct 1855. “Police Statistics for the Month of August,” Herald Sept 1, 1855",“common council” 2 oct 55,"“Police Statistics,” DA 2 Nov 1855","“Statistics of Arrests for the month of November,” DA 1 December 1855. “Fines in Recorder’s Courts,” DA 4 Dec 1855","“Criminal Statistics of December,” Herald Jan 1 1856",,"“Police Statistics,” DA 3 March 1856","“Criminal Statistics for March, 1856,” Herald, April 1, 1856","“Police Statistics,” Herald May 1, 1856","“Police Statistics,"" Herald, June 3, 1856","“Police Statistics,” DA 2 July 1856. “Annual Report of the Comptroller upon the City Finances,” Herald, July 7, 1856 (rec court fines received from July 1855 - June 1856.)","“Monthly Report of Arrests Made by the Police,” Herald, Aug 1, 1856","“Police Arrests for August,” Herald, Sept 2, 1856","“Arrests for the Past Month,” Herald, Oct 1, 1856","“Monthly Police Report,” DA November 2, 1856","“Police Statistics,” DA Dec 1 1856","“Police Court Report,” DA 2 Feb 1857. “Police Arrests for the Month of December,” Herald, Jan 3, 1857.","“Statistics of Police Court Fines,” Evening Bulletin, July 1, 1857.","“Police Report,” DA March 1 1857. (Annual Data) “Summary of the Fortnight’s News,” DA 5 Feb 1858. “Statistics of Police Court Fines,” Evening Bulletin, July 1, 1857.","“Statistics of Police Court Fines,” Evening Bulletin, July 1, 1857.","“Police Items,” DA 6 May 1857. “Statistics of Police Court Fines,” Evening Bulletin, July 1, 1857.","“City Items,” 2 July 1857. “Police Items,” 4 June 1857. “From Our Evening Edition of Yesterday,” 20 June 1857. “Statistics of Police Court Fines,” Evening Bulletin, July 1, 1857.","“City Items,” 2 July 1857. “Statistics of Police Court Fines,” Evening Bulletin, July 1, 1857.","“Police Court Fines,” Herald, Aug 2, 1857. “Police Statistics,” Herald, Aug 2, 1857.","“City Items,” DA 1 September 1857","“City Items,” DA 5 Oct 1857. “CIty Items,” DA 1 Oct 1857","“City Items,” DA 2 Nov 1857. “City Items,” DA 1 Nov 1857.","“Annual Report of the Chief of Police,” DA 8 Feb 1859. “Crime in San Francisco and Our Police System,” 9 Feb 1859","“Annual Report of the Chief of Police,” DA 8 Feb 1859. “Crime in San Francisco and Our Police System,” 9 Feb 1859","“Annual Report of the Chief of Police,” DA 8 Feb 1859. “Crime in San Francisco and Our Police System,” 9 Feb 1859","“City Items — Criminal Calendar,” DA March 1, 1858. “City Items,” DA 2 March 1858","“City Items,” DA 4 April 1858","“Police Statistics,” Evening Bulletin, May 1, 1858. “Treasurer’s Report,” Evening Bulletin, May 3, 1858.","“Police Arrests for the Month of May,” Herald, June 2, 1858. “Treasurer’s Report,” Evening Bulletin, June 2, 1858. “Police Court Revenue,” Evening Bulletin, June 1, 1858.","“Treasurer’s Report,” Evening Bulletin, Jul 3, 1858. “Police Court Revenue,” Evening Bulletin, June 30, 1858.","“Summary of the Fortnight’s News,” DA 5 Aug 1858. “Treasurer’s Report,” Evening Bulletin, Aug 2, 1858. “Police Court Finances,” Evening Bulletin, Aug 3, 1858.","“Police Statistics for September, 1858,” Evening Bulletin, Oct 1, 1858. “Treasurer’s Report,” Evening Bulletin, Oct 2, 1858","“San Francisco, Friday Nov 5, 1858,” DA 5 Nov 1858. Includes 10 month combined fines. “Treasurer’s Report,” Evening Bulletin, Nov 3, 1858","“Annual Report of the Chief of Police,” DA 8 Feb 1859. “Crime in San Francisco and Our Police System,” 9 Feb 1859. “City Items,” 1 Dec 1858. “City Items,” 1 Dec 1858. “Treasurer’s Report,” Evening Bulletin, Dec 3, 1858","“Annual Report of the Chief of Police,” DA 8 Feb 1859. “Crime in San Francisco and Our Police System,” 9 Feb 1859. “Treasurer’s Report,” Evening Bulletin, Jan 4, 1859.","“Annual Report of the Chief of Police,” DA 8 Feb 1859. “Crime in San Francisco and Our Police System,” 9 Feb 1859. “Police Work,” Evening Bulletin, Feb 1, 1859.","“Police Statistics,” Herald, March 2, 1859","“Treasurer’s Report,” Evening Bulletin, April 2, 1859, “Local Matters,” Evening Bulletin, Dec 31, 1859 (Huge annual report)","""City Items,” DA 2 May 1859. “Statistics of Arrests,” Herald, May 2, 1859","“City Items,” DA 5 June 1859. “Police Statistics — Arrests Made during May, 1859,” Herald, June 2, 1859.","""City Items,” DA 1 July 1859. “Copy Report of Arrests Made by the Police Department during the Month of June, 1859,” Herald, July 1, 1859","“City Items,” DA 1 Aug 1859. “Arrests for July,” Herald Aug 1, 1859.","“Monthly Police Report,” Herald, Sept 1, 1859.","“Arrests for September,” Herald Oct 1, 1859","“City Items,” DA 1 November 1859. “Arrests for October,” Herald Nov 1, 1859","“City Items,” DA 2 Dec 1859. “Police Record for November,” Herald Dec 3, 1859","“Local Matters,” Evening Bulletin, Dec 31, 1859 (Huge annual report). “Treasurer’s Report,” Evening Bulletin, Jan 3, 1860.","“City Items,” DA 2 Feb 1860","“City Items,” DA 2 March 1860","“City Items,” DA, 4 April 1860. “City Intelligence - Monthly Police Report,” Herald April 3, 1860","“City Items,” DA 6 May 1860. “Monthly Statement of Arrests,” Jerald June 2, 1860","“City Items,” 2 July 1860","“Police Statistics for July,” Herald Aug 3, 1860","“City Items,” DA 4 September 1860. “Police Business for August,” Herald, Sept 4, 1860.","“Police Statistics,” Herald, Nov 2, 1860","“City Items” 2 Dec 1860. “Police Statistics for November,” Herald Dec 3, 1860"
recorder,R. H. Waller,R. H. Waller,R. H. Waller,R. H. Waller,,,,,Recorder Baker,Recorder Baker,Recorder Baker,,,,,,,,,,,,,,,Baker,,,,,,,,,,R. H. Waller,,,,,,,,,,,,,,,,,,,,,,,,,,,,,,,,,,,,,,,,,,,,,,,,,,,,,,,,,,,,,,,,,,,,
clerk,James G. Pearson,James G. Pearson,James G. Pearson,James G. Pearson,James G. Pearson,James G. Pearson,James G. Pearson,James G. Pearson,James G. Pearson,James G. Pearson,James G. Pearson,James G. Pearson,James G. Pearson,James G. Pearson,James G. Pearson,James G. Pearson,,,,,,,,Crawford Fletcher,Fletcher,Pearson,,,Pearson,,,,,,,,,,,,,,,,,,Robinson,,,,,,,,,,,,,,,,,,,,,,R. P. Robinson,,,,,,,,,,,,,,,,,,,,,,,,,,,,,,,,,,,
marshal,,,,,,,,,,,,,,,,,,,,,,,,,,,,,,,,,,,,,,,,,,,,,,McKenzie,,,,McKenzie (ex),,,,,,,,,,,,,,,,,,,J. W. McKenzie,,,,,,,,,,,,,,,,,,,,,,,,,,,,,,,,,,,
police,,,,,,,,,,,,,,,,,,,,,,,,,,,,,,,,,,,,,,,,,,,,,,,,,,McElroy,,,,,,,,,,,,,,,,,,,"James “Jas.” F. Curtis, Chief of Police",,,,,,,,,,,,,,,,,,,,,,,,,,,,,,,,,,,
postponements,0,0,0,0,-1,-1,0,-1,0,0,0,0,0,0,0,0,0,0,0,0,0,0,0,0,-1,0,0,0,0,0,0,0,-1,-1,0,0,0,0,-1,0,-1,-1,0,0,0,0,0,-1,-1,-1,0,-1,-1,0,0,0,0,0,0,-1,0,0,0,0,0,0,0,0,0,0,0,-1,0,-1,-1,-1,-1,0,0,0,0,0,0,0,0,0,0,0,0,-1,-1,0,0,0,0,0,0,0,0,0,0,0,0,0
no_tax_activity,0,0,0,0,0,0,0,0,0,0,0,1,0,0,0,0,0,0,0,1,1,1,0,0,0,0,0,0,0,1,1,1,0,0,0,0,0,0,0,0,0,0,1,1,0,0,0,0,0,0,0,0,0,1,1,1,0,0,0,0,0,0,0,0,0,1,1,0,0,0,0,0,0,0,0,0,0,1,1,0,0,0,0,0,0,0,0,0,0,0,0,0,0,0,0,0,0,0,0,1,0,0,0,0
announcements,0,0,1,1,0,0,0,0,0,0,0,0,0,0,1,1,1,0,0,0,0,0,0,0,0,0,0,0,0,0,0,0,0,1,0,0,0,0,0,0,0,0,0,0,0,1,0,0,0,0,0,0,0,0,0,0,0,0,0,0,0,0,0,0,0,0,0,0,0,0,0,0,0,0,0,0,0,0,0,0,0,0,0,0,0,0,0,0,0,0,0,1,0,0,0,0,0,0,0,0,0,0,0,0
warnings,0,0,0,0,0,2,2,2,2,2,0,0,0,0,0,0,2,2,2,0,0,0,0,2,2,2,2,2,0,0,0,0,0,0,0,2,0,2,2,0,2,0,0,0,0,2,0,0,0,0,2,0,0,0,0,0,2,2,2,2,0,0,2,2,0,0,0,0,0,2,2,0,0,0,2,0,0,0,0,0,2,2,0,0,0,0,0,2,0,0,2,0,2,2,0,0,0,0,0,0,2,0,0,2
tax_deadline,0,2,2,2,2,0,2,0,2,0,0,0,0,2,2,2,2,2,0,0,0,0,3,3,3,3,0,0,3,0,0,0,4,4,4,0,4,4,4,4,0,0,0,0,4,4,4,4,4,4,0,4,4,0,0,0,2,2,2,2,2,2,0,2,0,0,0,0,3,3,3,0,3,3,3,0,0,0,0,4,4,4,0,4,4,4,4,4,0,4,0,3,3,3,0,3,3,3,3,0,3,0,3,3
tax_sale,0,0,0,0,0,3,0,3,0,3,3,0,0,0,0,0,0,0,3,0,0,0,0,0,0,0,3,3,0,0,0,0,0,0,0,5,0,0,0,0,5,5,0,0,0,0,0,0,0,0,5,0,0,0,0,0,0,0,0,0,0,0,3,0,3,0,0,0,0,0,0,4,0,0,0,4,4,0,0,0,0,0,5,0,0,0,0,0,5,0,0,0,0,0,4,0,0,0,0,0,0,0,0,0
lawsuits,0,0,0,0,0,0,0,0,0,0,0,0,0,0,0,0,0,0,0,0,0,0,0,0,0,0,0,0,0,0,0,0,0,0,0,0,0,0,0,0,0,0,0,0,0,0,0,0,0,0,0,0,0,0,0,0,0,0,0,0,0,0,0,0,0,0,0,0,0,0,0,0,0,0,0,0,0,0,0,0,0,0,0,5,3,0,0,0,0,0,0,0,0,0,0,0,0,0,0,0,0,0,0,0
licenses,7,7,0,0,0,0,0,0,0,0,0,0,7,0,0,0,0,0,0,0,0,0,0,0,0,0,0,0,0,0,0,0,0,0,0,0,0,0,0,0,0,0,0,0,0,0,0,0,0,0,0,0,0,0,0,0,0,0,0,0,0,0,0,0,0,0,0,0,0,0,0,0,0,0,0,0,0,0,0,0,0,0,0,0,0,0,0,0,0,0,0,0,0,0,0,0,0,0,0,0,0,0,0,0
sunday_law_elections,0,0,0,0,0,0,0,0,0,0,0,0,0,0,0,0,0,0,0,0,0,0,0,0,0,0,0,0,0,0,0,0,0,0,0,0,0,0,0,0,0,0,0,5,0,0,0,0,0,0,0,0,0,0,0,0,0,0,0,0,0,0,0,0,0,0,0,0,0,0,0,0,0,0,0,0,0,5,5,0,0,0,0,0,0,0,0,0,0,0,0,0,0,0,0,0,0,0,0,0,0,0,0,0
panic,0,0,0,0,0,0,0,0,0,0,0,0,0,0,0,0,0,0,0,0,0,0,0,0,0,0,0,0,0,0,0,0,0,0,0,0,0,0,3,3,3,0,0,0,0,0,0,0,0,0,0,0,0,0,0,0,0,0,0,0,0,0,0,0,0,0,0,0,0,0,0,0,0,0,0,0,0,0,0,0,0,0,0,0,0,0,0,0,0,0,0,0,0,0,0,0,0,0,0,0,0,0,0,0
tax_stress_total,7,9,3,3,1,4,4,4,4,5,3,1,7,2,3,3,5,4,5,1,1,1,3,5,4,5,5,5,3,1,1,1,3,4,4,7,4,6,8,7,9,4,1,6,4,7,4,3,3,3,7,3,3,1,1,1,4,4,4,3,2,2,5,4,3,1,1,0,3,5,5,3,3,2,4,3,3,6,6,4,6,6,5,9,7,4,4,6,5,3,1,4,5,5,4,3,3,3,3,1,5,0,3,5
additional_citations,"“City Intelligence — Licenses,” DA Aug 23, 1851. Licenses overdue and people are being fined in Recorder’s Court.","“License Cases,” DA Sept 25, 1851 - most people late on licenses are late because of the long lines at the collector’s office and the distance they must travel to get there.",,"“Notice to Tax Payers,” DA Nov 1, 1851. State and County Taxes now due (dated October 16th).","“Notice to Tax Payers,” DA Dec 28, 1851 - Sale for State and County Taxes postponed to Dec 31st.","“City Taxes,” DA Jan 13, 1852. City Tax Sale will occur Thursday, Jan 15th.”  “Pay Your Taxes,” DA Jan 18, 1852 - City tax sale has been postponed for a week. Books will be closed until then. “Gentlemen, A Most Horrible Murder Was Committed…” DA Jan 16, 1852 - murder of tax collector in San Joaquin.","“City Taxes,” DA January 27 - Feb 28, 1852 - pay taxes without delay, otherwise will be sold.","“Notice is hereby given to the owners of property sold…” DA 15 March 1852. States that state and county tax sales occurred on March 14th and 18th. “Street Assessments — Last Call,” DA March 28, 1852. Joseph Weed, Collector of Street Assessments, will be collecting taxes through April 17, after which he will be required to prosecute all delinquents. “Preamble and Ordinance,” DA March 13, 1852 - authorized tax collector to receive city scrip in payment of all further street and city taxes. This shall continue for 30 days at which time the tax collector will commence legal proceedings for all remaining taxes.","End of 30 days, legal proceedings commenced (see previous block - “Preamble and Ordinance,” DA March 13th, 1852.  “Street Assessments,” DA April 5, 1852 - pay street assessments by April 17 to prevent sale of property.","“Street Assessments — Last Call,” DA May 9 and 11, 1852 - pay now or collector will prosecute.  “Sale of Real Estate and Personal Property for Non-Payment of Taxes,” DA May 16 (and for several days following), 1852 - will sell at auction on May 28, 1852.","June 12 - “Local Matters"" - “The Street Assessments” - mostly unpaid, returned to Street Commissioner. June 12 - “Notice to Tax Payers” - all people who haven’t paid their taxes for 1851 and 1852 by June 20th, the Sheriff will seize and sell all such property with 5% interest, damages, and costs of sale - David M. Chauncey, Deputy Sheriff and Collector. - Advertised June 10th, 1852. Also “Real Estate Tax Sale” all purchases not paid for by the 14th and 15th will be re-sold on Wednesday morning. Many articles regarding late taxes, including from the collector of street assessments (Joseph Weed) who said he was unable to collect most of the taxes due to injunctions filed to keep him from doing so.",,,,"“Common Council,” DA Oct 22, 1852. Mayor recommends that a delinquent tax list be published in the papers.  Taxes due by November 1 - “Important Notice Relative to City Taxes and City Licenses,” DA Oct 24 - Nov 25, Dec 18 - 31, 1852.",,"“Common Council” DA Jan 18, 1853, “An ordinance was read authorizing the City Tax Collector to sell property to pay the delinquent taxes of the years 1852 and 1853. Passed unianimously.” “To Delinquent City Tax Payers,” DA Jan 20, 1853, Lewis Teal will close his office on January 24 for two weeks prior to scheduled sale (this means the sale was scheduled for Feb 7th).  “To Delinquent City Tax Payers,” DA Jan 20, 1853 - Lewis Teal will be closing office for two weeks, starting Jan 24, after which penalties will be added to settlements.","“City Taxes on Personal Property,” DA Feb 5 - 24th, 1853 - Notice that Lewis Teal will seize and sell any personal property starting Feb 7th.","“Tax Collector’s Sale for Taxes,” DA March 3, 1853 (Dated Feb 25th) - Tax Collector will hold tax sale on March 8, 1853.  Daily reports = 191 (many missing)",,,,"Fire (suspcious…for profit?). “Destruction of the St. Francis Hotel by Fire,” Herald Oct 23, 1853.","“State and County Taxes,” DA Nov 2, 1853. Monday is the last day to pay taxes without the addition of 5%, so $14,000 was collected. “To Delinquents,” DA November 6-, 1853. Legal proceedings will be instituted against defaulters. Delinquent Tax List being prepared and will be published next week.","DA Dec 14, “Notice to Delinquent Tax Payers,” - started advertising on Dec. 1st. - property will be sold if not paid by Dec 15th.","Delinquent tax sale advertised on 1/6 for sale on 1/16. “Tax Sale of Personal Property,” DA 1/10/1854","DA Feb 7th, “The Last Chance,” may settle up till 3 PM that day, before tax sale takes place the next morning, Feb 8th. “Sheriff’s Sale,” DA 3 Feb 1854.","Another sale on Feb 28, “Immense Land Speculation — Value of Real Estate,” DA Mar 1, 1854. Sale on Feb 27th, “Tax Collector’s Sale,” DA March 1, 1854. Another sale advertised for March 25, 1854, “City Tax Sale,” DA March 13, 1854.  “City Tax Sale,” DA March 26, 1854. “The remainder of the Real Estate…for sale for the payment of City Taxes was sold yesterday…The bidding was quite spirited.”  “Tax Collector’s Sale for the Taxes due the City of San Francisco, 1853-54.” DA March 27, 1854. Sale on Feb 27th, 1854 and following days…  “County Assessor’s Notice,” DA March 30, 1854. Hand in lists of property to County Assessor.",County Assessor was engaged in collection processes? Look for other records. See previous and next blocks.,"“Board of Supervisors — County Treasurer’s Report,” DA May 25, 1854.","“Extensive Conflagration,” Herald, July 12, 1854. Includes loss report.",,"“Notice to Tax Payers,” DA Sept 8, 1854. Board of Equalization will meet with people from August 28th for many days to hear complaints on property assessments.","“Notice to Tax Payers,” DA Oct 14, 1854. Board of Equalization will be in session on October 28th to hear complaints.  “Ordinance (For Concurrence) for Levying and Collecting of the City Taxes for the fiscal year 1854-5,” DA October 8, 1854 - must be paid in “current legal coin of the United States.”",,"“Notice to Tax Payers,” DA Dec 27, 1854. Tax payers must submit a declaration of property value or assessors will have to do it for them.",,"“Notice to Tax Payers,” DA Herald Feb 17th 1855 - Notice to turn in your property declarations or assessors will do it for you.   Panic due to news about Page and Bacon failure - DA Feb 18th “Page, Bacon & Co.”  “The Late Fire…An Appeal to the Public,” DA Feb 21, 1855. Proprieter of Seamen’s Bethel (hostel) requests patience from his creditors after fire destroyed their building.","“Legislature,” DA March 1, 1855 - Extended the time for collecting State and County taxes in San Francisco, and “in the present embarrassed condition of finances this law will be joyfully received, particularly by delinquent tax payers.”  “Street Assessments,” DA March 7, 1855. “Strange procrastination.” These delinquent taxes are now due but will be soon made exempt by statute of limitations, so now will accept warrants just to get payment. Delinquent street list printed here.  “Common Council,” DA March 13, 1855 - Compromise ordinance passed - accepting 2/3 of payment for street assessments if paid within 40 days of passing of ordinance.","“Common Council,” DA April 19, 1855.  ordinance proposed to accept warrants for city taxes.  “General Notices — Important,” DA April 27, 1855 - to avail themselves of the Compromise Ordinance","“Sheriff’s Sales…The Adjourned Sale of Delinquent State and County Taxes,” DA April 29, 1855 - sale will be held May 8. Also in “Notice to State and County Tax-Payers,” DA May 1, 1855.  “Delinquent Street Assessment List,” DA May 9, 1855 - printed again.  “Delinquent Street Assessments — Until Further Notice,” DA May 14, 1855 - ordinance No. 801 Amending Ordinance No. 780 - compromise ordinance passed, message approved May 11th, giving 40 days to pay at 2/3, so now the sale is postponed until Monday June 4. Also in “Delinquent Street Assessment,” DA May 20, 1855. “Street Assessment Sale Postponed,”","DA June 14, 1855 (dated June 4) - postponed until June 18th.  “City Tax Sale,” DA June 18, 1855 -  sale will be on June 29, 1855. With list printed here.  “Street Assessments,” DA June 27, 1855 (Dated June 23) - sale postponed until June 28, 1855.",,"Violence at the polls. “Murderous Affray — Shooting and Stabbing at the Polls,” DA Aug 22, 1855. “Stabbing on Pacific Street,” DA Aug 22, 1855. “Fighting at the Polls,” DA Aug 22, 1855. “Day of Blood, DA Aug 24, 1855. “Yesterday was one of the most fearful and bloody election days that our city has ever experienced. The evil passions of men seemed to have gotten the best of them, which led to all kinds of disputes and quarrels. At ten o’clock last evening the Station House presented more the appearance of a hospital than a prison, several wounded men being stretched upon cots and receiving the attention of physicians. When these things will have an end, God only knows.”",,"“Notice to Owners or Agents of Real Estate and Personal Property in the City of San Francisco: City Assessments, 1855-’56,” DA Oct 14, 1855. - submit a list of your property now. Penalties for lying. Also in “To Tax Payers,” DA Oct 14, 1855. - notes that these tax payers are delinquent.",,,,"“Taxes,” DA Feb 23, 1856 - tax collector will close his doors to erase paid lots from the list as required by law before the sale which must take place before the end of February.","“Delinquent Tax Sale,” Herald, March 2, 1856 - tax sale took place yesterday (March 1). Well attended but bidders were few and the sale passed off heavily. Most of the lots sold were bid off by the owners. “The Tax Sale — No Postponement,” Herald, March 1, 1856. Bill rejected, so sale will begin today at 10 o’clock.","Important: “The Pay of the Police,” DA April 22, 1856. And “Continued Excitement,” DA April 23, 1856. These articles say that payments were finally made to people who had been waiting for payment (including policemen) due to non-payment of taxes. Money has been thrown back into the channels of trade, debts squared up, etc. “The whole city seems to breathe easier.” But more taxes owed.   “Common Council — Collection of Taxes,” DA 29 April 1856. Vote passed to sell property for taxes after May 20th.","“Common Council,” DA May 13, 1856. Vote to sell property for taxes after June 1. Several articles stating that the big tax payers need to pay up ($400,00 owed to the city).  “The City Comptroller’s Report — Delinquent Taxes,” DA May 14, 1856. “City Taxes Again,” DA May 15, 1856.  James King of William Shot. It appears the Tax Sale was never held this year.",,,,"Delinquent tax notices begin - Sept 18, 1856, Daily Alta","Taxes due October 18th - “Citizens, Pay Your Taxes,” DA Oct 6 1856. Notices of seizure and sale begin DA - “Notice of Seizure for Non-Payment of Taxes,” DA Oct 24 - Nov 12, Nov 23 - Dec 1.","“Notice of Seizure for Non-Payment of Taxes,” DA Oct 24 - Nov 12, Nov 23 - Dec 1.","“Notice of Seizure for Non-Payment of Taxes,” DA Oct 24 - Nov 12, Nov 23 - Dec 1.",,"Delinquent Tax Sale scheduled for March 14. Request to postpone for 30 days. Delinquent tax payers “shamefully” withholding taxes from the city so that it cannot pay the taxes on its own city hall. “City Hall Lot Advertised for Sale,” DA, Feb 23, 1857. “Notice to Tax Payers,” DA Feb 11, 1857. County Treasurer has refused to accept accounts in payment of taxes requiring cash. The President of the Board of Supervisors, Mr. Burr, therefore declares that all warrants on general and police funds will be accepted in payment of taxes.",Editorials/agitation for payment of school taxes (threatening to close the schools due to lack of payment of teacehrs’ salaries) and poll tax.,"Bills introduced to enforce collection of both poll tax and school tax. April 27th, bills passed, notices begin.","Poll taxes and school taxes collected. At least $11,000 collected between April 27 and early June.", ,,"DA Aug 12 - “County Assessment,” - county assessment roll complete. 12 days before failure of Ohio Life Insurance and Trust (?) 1857 Panic begins.","Patch runs for office, and gets elected. ","“Pay Up Your Taxes,” DA Oct 16, 1857. President of Board of Supervisors (Burr) allowing Collector to accept County Scrip (warrants) in payment of taxes. Delinquents encouraged to settle. “Prospering breezes are filling our sails.” (As a city.)   “Board of Supervisors,” DA Oct 18, 1857. Petitions for corrections to assessments. Most are too late, but clerical errors can be fixed.  “The Last Day,” DA Oct 19, 1857. Last day to pay before penalties imposed.   “The Tax Collections,” DA Oct 22, 1857 - VERY IMPORTANT CHART. Delinquent list will be published in a few days, with additional charges imposed. Chart shows all taxes paid in October for prior years! “It will be almost impossible for property owners to evade the tax.”   Schemes for paying taxes for people - “To Delinquent Tax Payers,” DA Oct 24, 1857. Will pay for a small fee.   “Sale for Taxes,” DA Oct 28, 1857. One half of tax payers still delinquent. Pay now or you will pay extra…also, delinquent license payers being prosecuted “City Items,” DA Oct 28, 1857. Also, “City Items — License Order,” DA Oct 31, 1857.  “Important. Notice to Sell for Non-Payment of Taxes,” DA Oct 28, 1857. Will seize and sell. Delinquent list will be ready in a few days. Pay now or will proceed to sell.",,"Requests for delay in tax sale due to Panic out east. - Dec 2, 8, 12 DA articles. “The Sale for Taxes is Again Postponed,” DA Dec 12, 1857. Postponed to Dec 14th. Sale began, was well attended and “spirited.” Extended at least one more day (the 15th). Amount of taxes received so far - DA “Board of Supervisors,” Dec 18, 1857. Lawsuits against Patch to keep him from selling property - Dec. 21, and others?",,Board of Equalization - many requests granted.,"Announcement from Patch on March 22, 1858 that people can pay taxes with no penalty until March 29, and then he will commence collection activities, sales, seizure, etc.","Lawsuits, petitions for reduction, insolvency, request to use city scrip and explanation why this is not okay and would “reward delay.” Grand Jury report, April 3, DA, many cases of perjury to lie about personal property to reduce taxes. Legislature passes law deferring final date of collection to May 3, 1858.","Final date for collecting taxes extended to the first Monday in May (May 3, 1858). “The Tax Collector and Delinquent Tax Payers,” Herald, May 2, 1858. William Patch using a battering ram to break down doors to collect taxes on property.","“Police Court,” DA, June 11, 1858 - “the Sunday Law has greatly augmented the delinquent list of the Police Court…” court room has been packed. Same expected tomorrow.",,"Discussion of value of taxable property in SF this year. “The Taxable Property of San Francisco, for the fiscal year 1858-59,” DA Sept 10, 2858.","“Delinquent Taxes,” DA Oct 8, 1858. - pay now (by the following Monday) to avoid becoming delinquent and facing fees and tax sale.","“Delinquent Tax List” Supplement, Evening Bulletin, Nov 19, 1858 and Nov 30, 1858. - Tax sale announced for Dec. 13th.","“Sales of Delinquent Tax Property,” DA Dec 18, 1858  “The Tax Sales Completed,” Evening Bulletin, Dec 23, 1858.   “The Tax Sales,” Evening Bulletin, Dec 21, 1858. 600 lots sold per day, very competitive. Shows more about the process of bargaining. “barley-corn” Cross reference this with “The Tax Sale,” DA Dec 22, 1858, and “The Tax Property Sale,” DA Dec 24, 1858.",Lawsuits for injunctions against sale. Legislature extends the time allowed for collector to collect the taxes for four months (end of May).,CA Supreme Court rules against Ritter in Ritter v. Patch - upholds the right of the tax collector and city to sell property for taxes.,,,"“Supplement: Delinquent Tax List — City and County Tax Sale,” Evening Bulletin, May 18, 1859. Tax sale will be held on June 13, 1859.","See previous block. Tax sale, June 13, 1859.","“The Delinquent Taxes,” DA July 2, 1859. Lawsuits filed prohibiting sale of property. Froze the sales.","“Chinaman Murdered by a Tax Collector,” DA Aug 7, 1859. Man beaten to the point of death by tax collector in Weaverville.  “Notice to Tax Payers,” DA Aug 31, 1859. Announcement that this is the last opportunity to negotiate/contest amounts of assessments.","“Taxes 1859-’60 are now due,” DA Sept 19, 1859.  “The Taxable Property of San Francisco for the years 1859-60,” DA Sept 19, 1859. - taxes will become delinquent on third Monday of October. Collection of taxes commences this morning.  “Notice to Tax Payers,” DA Sept 29, 1859. Urging tax payers to go settle up, because the tax collector is empowered to sell their property if they don’t.","“To Delinquents for Personal Taxes,” DA Oct 23, 1859. Warning to pay.","“The Delinquent Tax List for 1859-60,” DA Nov 20, 1859. Tax list will be printed tomorrow. List is the largest advertisement ever printed in San Francisco. “Double supplement.”  Tax list printed three weeks in a row, advertised every day for a month.","“Delinquent Tax Sale,” DA Dec 12, 1859. Tax sale will begin tomorrow. (Dec 13th). Expects it to be packed, lots of speculators, people trying to get their tax titles. Last legislature made the tax title the most secure one that a person can have, so everyone wants their tax title. Everyone should pay up today, last day to pay.",,,,"“City Items — Forcible Payment of Delinquent Taxes,” DA May 9, 1860. J. Hunt, tax collector, gets the police chief to help him force payment of taxes (says that this is better than Patch using battering rams). Penalties of $5000 and not less than five years imprisonment for resisting an officer!",,"“Personal Taxes, 1860-61 Are Now Due,” DA July 10, 1860. Pay now, before July 10, 1860 or be subject to penalties under the law. - advertised several days in a row.",,"“Receipts of Office of Tax Collector,” DA Oct 24, 1860 - Tax collector $8,000.","“The Delinquent Taxes—1860-61,” DA Nov 23, 1860. - discusses reasons people have been wanting to get tax titles, etc. Amounts of property, etc. Last year’s list had 7,200 items. This year’s has 5,500."